,loss,val_loss
0,0.001679187174886465,0.0013955399626865983
1,0.0004192657070234418,0.00046419899445027113
2,0.0002645823115017265,0.00038313938421197236
3,0.0011782614747062325,0.0012095023412257433
4,0.0025128680281341076,0.0022324316669255495
