duration,10
5,2.3000000000000007
10,3.700000000000001
15,13.1
20,1.6999999999999993
25,1.25
30,1.25
35,0.9333333333333336
40,0.9333333333333336
45,0.9333333333333336
