dauer;1
5;0.5
10;0.5
15;0.6499999999999986
20;0.6500000000000004
25;0.9000000000000004
30;1.1999999999999993
35;1.9000000000000004
40;6.9
45;0.5
50;0.3333333333333339
55;0.33333333333333215
60;0.3333333333333339
65;0.2833333333333332
70;0.2833333333333332
75;0.2833333333333332
80;0.2833333333333332
85;0.283333333333335
90;0.28333333333333144
95;0.21666666666666856
100;0.216666666666665
105;0.216666666666665
110;0.21666666666666856
115;0.21666666666666856
120;0.216666666666665
