dauer;3
5;9.7
10;2.700000000000001
15;1.6999999999999993
