dauer;30
5;16.5
10;4.699999999999999
15;2.900000000000002
20;2.1999999999999993
