dauer;50
5;2.400000000000002
10;3.1999999999999993
15;5.199999999999999
20;18.3
25;1.8000000000000007
30;1.8000000000000007
35;1.2666666666666657
40;1.2666666666666657
45;1.2666666666666657
50;0.9666666666666686
55;0.9666666666666615
60;0.9666666666666686
