dauer;5
5;1.0500000000000007
10;1.0499999999999972
15;1.5
20;1.9000000000000021
25;3.0999999999999996
30;11.1
35;0.7666666666666657
40;0.7666666666666693
45;0.7666666666666657
50;0.6000000000000014
55;0.5999999999999979
60;0.6000000000000014
65;0.4499999999999993
70;0.4499999999999993
75;0.4499999999999993
80;0.45000000000000284
85;0.4499999999999993
90;0.4499999999999993
