duration,20
5,15.2
10,4.300000000000001
15,2.6000000000000014
20,2.0
