dauer;3
5;1.6999999999999993
10;2.700000000000001
15;9.7
20;1.200000000000001
25;0.9499999999999993
30;0.9499999999999993
35;0.6666666666666679
40;0.6666666666666643
45;0.6666666666666679
