duration,3
5,2.700000000000001
10,9.7
15,1.6999999999999993
20,1.200000000000001
25,0.9499999999999993
30,0.9499999999999993
