duration,30
5,1.1333333333333329
10,1.1333333333333329
15,1.6000000000000014
20,1.5999999999999979
25,2.1999999999999993
30,2.900000000000002
35,4.699999999999999
40,16.5
45,1.1333333333333329
50,0.8999999999999986
55,0.9000000000000057
60,0.8999999999999986
65,0.6666666666666643
70,0.6666666666666714
75,0.6666666666666643
80,0.6666666666666643
85,0.6666666666666714
90,0.6666666666666643
95,0.5
100,0.5
105,0.5
110,0.5
115,0.5
120,0.5
