dauer;100
5;3.6999999999999993
10;5.900000000000002
15;20.9
20;2.700000000000003
25;2.049999999999997
30;2.049999999999997
35;1.4333333333333371
40;1.43333333333333
45;1.4333333333333371
