duration,100
5,20.9
10,5.900000000000002
15,3.6999999999999993
