dauer;2
5;0.8500000000000014
10;0.8499999999999996
15;1.0999999999999996
20;1.5
25;2.4000000000000004
30;8.6
35;0.5999999999999996
40;0.5999999999999996
45;0.6000000000000014
50;0.466666666666665
55;0.46666666666666856
60;0.466666666666665
65;0.33333333333333215
70;0.3333333333333357
75;0.33333333333333215
80;0.33333333333333215
85;0.3333333333333357
90;0.33333333333333215
