dauer;10
5;3.700000000000001
10;13.1
15;2.3000000000000007
20;1.6999999999999993
25;1.25
30;1.25
