dauer;100
5;5.900000000000002
10;20.9
15;3.6999999999999993
20;2.700000000000003
25;2.049999999999997
30;2.049999999999997
