dauer;20
5;1.4499999999999993
10;1.4499999999999993
15;2.0
20;2.6000000000000014
25;4.300000000000001
30;15.2
35;1.0666666666666664
40;1.0666666666666664
45;1.0666666666666664
50;0.8000000000000007
55;0.8000000000000007
60;0.8000000000000007
65;0.6166666666666671
70;0.6166666666666671
75;0.6166666666666671
80;0.61666666666666
85;0.6166666666666671
90;0.6166666666666671
