dauer;50
5;3.1999999999999993
10;5.199999999999999
15;18.3
20;2.400000000000002
25;1.8000000000000007
30;1.8000000000000007
35;1.2666666666666657
40;1.2666666666666657
45;1.2666666666666657
