duration,50
5,18.3
10,5.199999999999999
15,3.1999999999999993
20,2.400000000000002
