dauer;100
5;2.700000000000003
10;3.6999999999999993
15;5.900000000000002
20;20.9
25;2.049999999999997
30;2.049999999999997
35;1.4333333333333371
40;1.43333333333333
45;1.4333333333333371
50;1.1333333333333329
55;1.1333333333333329
60;1.1333333333333329
