dauer;3
5;0.9499999999999993
10;0.9499999999999993
15;1.200000000000001
20;1.6999999999999993
25;2.700000000000001
30;9.7
35;0.6666666666666679
40;0.6666666666666643
45;0.6666666666666679
50;0.533333333333335
55;0.5333333333333314
60;0.533333333333335
65;0.38333333333333286
70;0.38333333333333286
75;0.3833333333333364
80;0.38333333333333286
85;0.38333333333333286
90;0.38333333333333286
