duration,1
5,0.9000000000000004
10,1.1999999999999993
15,1.9000000000000004
20,6.9
25,0.6500000000000004
30,0.6499999999999986
35,0.5
40,0.5
45,0.5
50,0.3333333333333339
55,0.33333333333333215
60,0.3333333333333339
