duration,3
5,1.200000000000001
10,1.6999999999999993
15,2.700000000000001
20,9.7
25,0.9499999999999993
30,0.9499999999999993
35,0.6666666666666679
40,0.6666666666666643
45,0.6666666666666679
50,0.533333333333335
55,0.5333333333333314
60,0.533333333333335
