dauer;5
5;3.0999999999999996
10;11.1
15;1.9000000000000021
20;1.5
25;1.0499999999999972
30;1.0500000000000007
