duration,30
5,1.6000000000000014
10,1.5999999999999979
15,2.1999999999999993
20,2.900000000000002
25,4.699999999999999
30,16.5
35,1.1333333333333329
40,1.1333333333333329
45,1.1333333333333329
50,0.8999999999999986
55,0.9000000000000057
60,0.8999999999999986
65,0.6666666666666643
70,0.6666666666666714
75,0.6666666666666643
80,0.6666666666666643
85,0.6666666666666714
90,0.6666666666666643
