dauer;30
5;2.1999999999999993
10;2.900000000000002
15;4.699999999999999
20;16.5
25;1.5999999999999979
30;1.6000000000000014
35;1.1333333333333329
40;1.1333333333333329
45;1.1333333333333329
50;0.8999999999999986
55;0.9000000000000057
60;0.8999999999999986
