dauer;10
5;13.1
10;3.700000000000001
15;2.3000000000000007
