dauer;1
5;6.9
10;1.9000000000000004
15;1.1999999999999993
