duration,20
5,4.300000000000001
10,15.2
15,2.6000000000000014
20,2.0
25,1.4499999999999993
30,1.4499999999999993
