duration,2
5,1.0999999999999996
10,1.5
15,2.4000000000000004
20,8.6
25,0.8499999999999996
30,0.8500000000000014
35,0.5999999999999996
40,0.5999999999999996
45,0.6000000000000014
50,0.466666666666665
55,0.46666666666666856
60,0.466666666666665
