dauer;1
5;1.1999999999999993
10;1.9000000000000004
15;6.9
20;0.9000000000000004
25;0.6500000000000004
30;0.6499999999999986
35;0.5
40;0.5
45;0.5
