duration,2
5,1.5
10,2.4000000000000004
15,8.6
20,1.0999999999999996
25,0.8499999999999996
30,0.8500000000000014
35,0.5999999999999996
40,0.5999999999999996
45,0.6000000000000014
