dauer;50
5;5.199999999999999
10;18.3
15;3.1999999999999993
20;2.400000000000002
25;1.8000000000000007
30;1.8000000000000007
