duration,1
5,0.6499999999999986
10,0.6500000000000004
15,0.9000000000000004
20,1.1999999999999993
25,1.9000000000000004
30,6.9
35,0.5
40,0.5
45,0.5
50,0.3333333333333339
55,0.33333333333333215
60,0.3333333333333339
65,0.2833333333333332
70,0.2833333333333332
75,0.2833333333333332
80,0.2833333333333332
85,0.283333333333335
90,0.28333333333333144
