duration,10
5,1.25
10,1.25
15,1.6999999999999993
20,2.3000000000000007
25,3.700000000000001
30,13.1
35,0.9333333333333336
40,0.9333333333333336
45,0.9333333333333336
50,0.6666666666666679
55,0.6666666666666643
60,0.6666666666666679
65,0.5333333333333314
70,0.533333333333335
75,0.533333333333335
80,0.5333333333333314
85,0.5333333333333314
90,0.533333333333335
