duration,20
5,2.0
10,2.6000000000000014
15,4.300000000000001
20,15.2
25,1.4499999999999993
30,1.4499999999999993
35,1.0666666666666664
40,1.0666666666666664
45,1.0666666666666664
50,0.8000000000000007
55,0.8000000000000007
60,0.8000000000000007
