dauer;1
5;1.9000000000000004
10;6.9
15;1.1999999999999993
20;0.9000000000000004
25;0.6500000000000004
30;0.6499999999999986
