dauer;5
5;11.1
10;3.0999999999999996
15;1.9000000000000021
20;1.5
