duration,20
5,2.6000000000000014
10,4.300000000000001
15,15.2
20,2.0
25,1.4499999999999993
30,1.4499999999999993
35,1.0666666666666664
40,1.0666666666666664
45,1.0666666666666664
