dauer;50
5;1.2666666666666657
10;1.2666666666666657
15;1.8000000000000007
20;1.8000000000000007
25;2.400000000000002
30;3.1999999999999993
35;5.199999999999999
40;18.3
45;1.2666666666666657
50;0.9666666666666686
55;0.9666666666666615
60;0.9666666666666686
65;0.75
70;0.75
75;0.75
80;0.75
85;0.75
90;0.75
95;0.5500000000000043
100;0.5499999999999972
105;0.5499999999999972
110;0.5500000000000043
115;0.5500000000000043
120;0.5499999999999972
