duration,10
5,1.6999999999999993
10,2.3000000000000007
15,3.700000000000001
20,13.1
25,1.25
30,1.25
35,0.9333333333333336
40,0.9333333333333336
45,0.9333333333333336
50,0.6666666666666679
55,0.6666666666666643
60,0.6666666666666679
