duration,5
5,1.5
10,1.9000000000000021
15,3.0999999999999996
20,11.1
25,1.0499999999999972
30,1.0500000000000007
35,0.7666666666666657
40,0.7666666666666693
45,0.7666666666666657
50,0.6000000000000014
55,0.5999999999999979
60,0.6000000000000014
