duration,2
5,2.4000000000000004
10,8.6
15,1.5
20,1.0999999999999996
25,0.8499999999999996
30,0.8500000000000014
