duration,30
5,2.900000000000002
10,4.699999999999999
15,16.5
20,2.1999999999999993
25,1.5999999999999979
30,1.6000000000000014
35,1.1333333333333329
40,1.1333333333333329
45,1.1333333333333329
