duration,100
5,2.049999999999997
10,2.049999999999997
15,2.700000000000003
20,3.6999999999999993
25,5.900000000000002
30,20.9
35,1.4333333333333371
40,1.43333333333333
45,1.4333333333333371
50,1.1333333333333329
55,1.1333333333333329
60,1.1333333333333329
65,0.8333333333333357
70,0.8333333333333286
75,0.8333333333333357
80,0.8333333333333357
85,0.8333333333333286
90,0.8333333333333357
