duration,2
5,8.6
10,2.4000000000000004
15,1.5
20,1.0999999999999996
