duration,50
5,1.8000000000000007
10,1.8000000000000007
15,2.400000000000002
20,3.1999999999999993
25,5.199999999999999
30,18.3
35,1.2666666666666657
40,1.2666666666666657
45,1.2666666666666657
50,0.9666666666666686
55,0.9666666666666615
60,0.9666666666666686
65,0.75
70,0.75
75,0.75
80,0.75
85,0.75
90,0.75
