duration,5
5,1.9000000000000021
10,3.0999999999999996
15,11.1
20,1.5
25,1.0499999999999972
30,1.0500000000000007
35,0.7666666666666657
40,0.7666666666666693
45,0.7666666666666657
