duration,30
5,4.699999999999999
10,16.5
15,2.900000000000002
20,2.1999999999999993
25,1.5999999999999979
30,1.6000000000000014
