duration,10
5,0.9333333333333336
10,0.9333333333333336
15,1.25
20,1.25
25,1.6999999999999993
30,2.3000000000000007
35,3.700000000000001
40,13.1
45,0.9333333333333336
50,0.6666666666666679
55,0.6666666666666643
60,0.6666666666666679
65,0.5333333333333314
70,0.533333333333335
75,0.533333333333335
80,0.5333333333333314
85,0.5333333333333314
90,0.533333333333335
95,0.40000000000000213
100,0.3999999999999986
105,0.3999999999999986
110,0.4000000000000057
115,0.3999999999999986
120,0.3999999999999986
